<?xml version="1.0" encoding="UTF-8"?>
<project-private xmlns="http://www.netbeans.org/ns/project-private/1">
    <editor-bookmarks xmlns="http://www.netbeans.org/ns/editor-bookmarks/2" lastBookmarkId="0"/>
    <open-files xmlns="http://www.netbeans.org/ns/projectui-open-files/2">
        <group>
            <file>file:/C:/Users/devel/OneDrive%20-%20Serviço%20Nacional%20de%20Aprendizagem%20Comercial/AULAS%20EAD/TDS%20UC12%20-%20Teste/Meus%20códigos%20Atividade/SistemaHospitalar/src/visao/GuiJTableBuscaPaciente.java</file>
            <file>file:/C:/Users/devel/OneDrive%20-%20Serviço%20Nacional%20de%20Aprendizagem%20Comercial/AULAS%20EAD/TDS%20UC12%20-%20Teste/Meus%20códigos%20Atividade/SistemaHospitalar/src/visao/Menu.java</file>
        </group>
    </open-files>
</project-private>
